marca,total_vendas,receita_total,preco_medio
Lotus,1,"$40,800.00","$40,800.00"
Daewoo,2,$900.00,$450.00
Lamborghini,4,"$450,500.00","$112,625.00"
Fisker,9,"$418,150.00","$46,461.11"
Rolls-Royce,17,"$2,609,300.00","$153,488.24"
Geo,19,"$10,050.00",$528.95
Ferrari,19,"$2,417,000.00","$127,210.53"
Plymouth,20,"$191,850.00","$9,592.50"
Tesla,23,"$1,542,250.00","$67,054.35"
Aston Martin,25,"$1,370,300.00","$54,812.00"
